dataset,mode,method,setting,n_parties,macro-F1 mean,macro-F1 std,weighted-F1 mean,weighted-F1 std,accuracy mean,accuracy std,FPR mean,FPR std,train s mean,train s std,est. net s mean,est. net s std,bytes mean,bytes std,rounds mean,rounds std,model bytes mean,model bytes std,nodes mean,nodes std,batch s/sample mean,batch s/sample std,single s mean,single s std
CICIDS2017,binary,ALL-IN,pooled,1,0.9925,0.0,0.99347,0.0,0.99347,0.0,0.00549,0.0,0.26582,0.02209,0.0,0.0,0.0,0.0,0.0,0.0,185927.0,0.0,4476.0,0.0,0.0,0.0,0.00015,0.0
CICIDS2017,binary,SOLO,dirichlet α=0.1,2,0.76521,0.14739,0.7619,0.1804,0.79961,0.13948,0.20938,0.26671,0.13371,0.02365,0.0,0.0,0.0,0.0,0.0,0.0,113904.0,20005.38092,2358.6,588.03299,0.0,0.0,0.00014,0.0
CICIDS2017,binary,SOLO,dirichlet α=0.1,5,0.56191,0.07595,0.55016,0.09231,0.62149,0.07042,0.44741,0.13293,0.06259,0.00943,0.0,0.0,0.0,0.0,0.0,0.0,66059.04,8018.90804,951.84,235.677,0.0,0.0,0.00015,1e-05
CICIDS2017,binary,SOLO,dirichlet α=0.1,10,0.52913,0.04814,0.51974,0.06335,0.60264,0.04981,0.45022,0.10518,0.04074,0.00332,0.0,0.0,0.0,0.0,0.0,0.0,55282.72,3040.64444,635.0,89.35491,0.0,0.0,0.00014,1e-05
CICIDS2017,binary,SOLO,dirichlet α=0.5,2,0.97066,0.01619,0.97441,0.01396,0.9744,0.0138,0.01915,0.01885,0.15866,0.01481,0.0,0.0,0.0,0.0,0.0,0.0,138663.1,7671.5667,3086.4,225.63643,0.0,0.0,0.00015,0.0
CICIDS2017,binary,SOLO,dirichlet α=0.5,5,0.88142,0.08315,0.88708,0.09152,0.894,0.07852,0.10559,0.12207,0.09345,0.01197,0.0,0.0,0.0,0.0,0.0,0.0,98000.32,12183.18461,1890.72,358.13466,0.0,0.0,0.00015,0.0
CICIDS2017,binary,SOLO,dirichlet α=0.5,10,0.85655,0.06349,0.86522,0.06684,0.87322,0.05852,0.1197,0.08097,0.06853,0.00727,0.0,0.0,0.0,0.0,0.0,0.0,81167.38,6621.21642,1395.72,194.59443,0.0,0.0,0.00014,0.0
CICIDS2017,binary,SOLO,dirichlet α=1.0,2,0.97482,0.02405,0.97756,0.02213,0.97722,0.02294,0.02305,0.03704,0.16527,0.01865,0.0,0.0,0.0,0.0,0.0,0.0,141212.8,13390.01651,3161.4,393.72935,0.0,0.0,0.00015,1e-05
CICIDS2017,binary,SOLO,dirichlet α=1.0,5,0.95872,0.01261,0.96363,0.01177,0.96347,0.01215,0.02846,0.01887,0.10511,0.00223,0.0,0.0,0.0,0.0,0.0,0.0,108972.12,1197.47115,2213.28,35.22658,0.0,0.0,0.00015,1e-05
CICIDS2017,binary,SOLO,dirichlet α=1.0,10,0.92175,0.03036,0.92912,0.03051,0.92928,0.03077,0.0652,0.04867,0.0762,0.004,0.0,0.0,0.0,0.0,0.0,0.0,88711.52,3968.01228,1617.48,116.62981,0.0,0.0,0.00014,0.0
CICIDS2017,binary,SOLO,iid,2,0.991,0.00097,0.99217,0.00084,0.99216,0.00084,0.00639,0.00104,0.17204,0.00995,0.0,0.0,0.0,0.0,0.0,0.0,151786.1,1110.01416,3472.2,32.64506,0.0,0.0,0.00015,1e-05
CICIDS2017,binary,SOLO,iid,5,0.98669,0.00102,0.98842,0.00089,0.98843,0.00089,0.00764,0.00048,0.11699,0.00426,0.0,0.0,0.0,0.0,0.0,0.0,120097.32,1385.24529,2540.48,40.74251,0.0,0.0,0.00015,0.0
CICIDS2017,binary,SOLO,iid,10,0.98097,0.00086,0.98347,0.00075,0.98349,0.00075,0.00936,0.00075,0.08878,0.00206,0.0,0.0,0.0,0.0,0.0,0.0,101558.98,700.65385,1995.24,20.60747,0.0,0.0,0.00015,1e-05
CICIDS2017,binary,SimFL,dirichlet α=0.1,2,0.97105,0.01508,0.97488,0.01307,0.97496,0.01303,0.01284,0.00996,2.49832,0.3593,1.44261,0.0421,5032651.4,526270.57393,52.0,0.0,187682.0,15142.18376,4528.0,445.19883,0.0,0.0,0.00015,0.0
CICIDS2017,binary,SimFL,dirichlet α=0.1,5,0.94412,0.015,0.95163,0.01304,0.9519,0.01303,0.02546,0.01205,3.23466,0.37655,2.39243,0.04677,16905324.0,584645.06298,52.0,0.0,205903.6,42309.21795,5063.6,1244.02203,0.0,0.0,0.00015,1e-05
CICIDS2017,binary,SimFL,dirichlet α=0.1,10,0.9313,0.02332,0.94072,0.01984,0.94127,0.01934,0.03051,0.00525,5.4775,0.39414,4.03214,0.05515,37401695.0,689373.08122,52.0,0.0,231603.2,39700.40608,5819.2,1167.3762,0.0,0.0,0.00016,1e-05
CICIDS2017,binary,SimFL,dirichlet α=0.5,2,0.98806,0.00175,0.98962,0.00152,0.98963,0.00152,0.0056,0.00225,2.77598,0.39913,1.51429,0.04823,5928568.6,602902.24251,52.0,0.0,168368.8,9935.36664,3960.0,292.17461,0.0,0.0,0.00015,1e-05
CICIDS2017,binary,SimFL,dirichlet α=0.5,5,0.9754,0.00763,0.97866,0.0066,0.97873,0.00655,0.01015,0.00314,4.30658,0.36956,2.53272,0.03967,18658994.4,495893.42676,52.0,0.0,173156.6,10597.96354,4100.8,311.54005,0.0,0.0,0.00015,1e-05
CICIDS2017,binary,SimFL,dirichlet α=0.5,10,0.96065,0.00711,0.96593,0.00616,0.96612,0.00613,0.01558,0.00588,6.66223,0.24923,4.13118,0.02649,38639695.2,331141.68158,52.0,0.0,184028.2,22961.33952,4420.4,675.07392,0.0,0.0,0.00015,0.0
CICIDS2017,binary,SimFL,dirichlet α=1.0,2,0.9879,0.0013,0.98947,0.00113,0.98948,0.00112,0.00702,0.00153,2.8234,0.40615,1.51764,0.04821,5970460.2,602590.18253,52.0,0.0,174220.4,8849.52232,4132.0,260.19992,0.0,0.0,0.00015,0.0
CICIDS2017,binary,SimFL,dirichlet α=1.0,5,0.97582,0.00386,0.97903,0.00335,0.9791,0.00334,0.00916,0.00301,4.8621,0.21217,2.58899,0.0224,19362343.2,280051.26713,52.0,0.0,173240.0,1641.89997,4103.2,48.30321,0.0,0.0,0.00015,0.0
CICIDS2017,binary,SimFL,dirichlet α=1.0,10,0.9653,0.00467,0.96993,0.00403,0.97007,0.004,0.01405,0.00241,6.7867,0.34025,4.15972,0.02775,38996490.2,346853.03097,52.0,0.0,160872.8,7400.38764,3739.6,217.62537,0.0,0.0,0.00015,2e-05
CICIDS2017,binary,SimFL,iid,2,0.99022,0.00166,0.99149,0.00144,0.99149,0.00144,0.00565,0.00142,3.13403,0.30693,1.64658,0.00167,7582209.2,20929.3204,52.0,0.0,167670.2,7894.07133,3939.6,232.13531,0.0,0.0,0.00015,1e-05
CICIDS2017,binary,SimFL,iid,5,0.98087,0.00166,0.98337,0.00144,0.9834,0.00144,0.0096,0.00187,5.17684,0.13534,2.7199,0.00135,20998768.8,16928.9065,52.0,0.0,169195.2,5929.05399,3984.4,174.36972,0.0,0.0,0.00016,2e-05
CICIDS2017,binary,SimFL,iid,10,0.97056,0.00253,0.97445,0.00218,0.97451,0.00217,0.01405,0.00219,6.47747,0.31983,4.26662,0.00586,40332720.6,73252.25805,52.0,0.0,161538.4,8011.63475,3759.2,235.59966,0.0,0.0,0.00015,0.0
CICIDS2017,multiclass,ALL-IN,pooled,1,0.9843,0.0,0.99589,0.0,0.9959,0.0,0.00192,0.0,0.81695,0.0599,0.0,0.0,0.0,0.0,0.0,0.0,620139.0,0.0,11452.0,0.0,0.0,0.0,0.0002,1e-05
CICIDS2017,multiclass,SOLO,dirichlet α=0.1,2,0.61828,0.07863,0.74203,0.16064,0.79097,0.14503,0.2054,0.26959,0.43324,0.04969,0.0,0.0,0.0,0.0,0.0,0.0,421457.0,27218.10307,5612.4,800.24078,0.0,0.0,0.00019,1e-05
CICIDS2017,multiclass,SOLO,dirichlet α=0.1,5,0.36313,0.03309,0.50325,0.09598,0.57526,0.08003,0.43531,0.13746,0.20074,0.01467,0.0,0.0,0.0,0.0,0.0,0.0,312320.84,9908.5306,2405.76,291.06324,0.0,0.0,0.00018,0.0
CICIDS2017,multiclass,SOLO,dirichlet α=0.1,10,0.28101,0.04281,0.45008,0.07419,0.52004,0.07348,0.44301,0.10562,0.12698,0.00961,0.0,0.0,0.0,0.0,0.0,0.0,282906.06,6372.77735,1541.56,187.3072,0.0,0.0,0.00018,0.0
CICIDS2017,multiclass,SOLO,dirichlet α=0.5,2,0.8657,0.06912,0.96746,0.03167,0.97229,0.02248,0.01298,0.01371,0.50864,0.01866,0.0,0.0,0.0,0.0,0.0,0.0,493338.3,13773.36474,7725.2,404.62909,0.0,0.0,0.00019,1e-05
CICIDS2017,multiclass,SOLO,dirichlet α=0.5,5,0.69015,0.06341,0.87272,0.08743,0.88787,0.08114,0.0959,0.1213,0.29586,0.03097,0.0,0.0,0.0,0.0,0.0,0.0,376879.2,16869.87825,4302.48,495.76764,0.0,0.0,0.00018,0.0
CICIDS2017,multiclass,SOLO,dirichlet α=0.5,10,0.64615,0.04832,0.85377,0.0678,0.87131,0.05985,0.10502,0.08156,0.21511,0.01872,0.0,0.0,0.0,0.0,0.0,0.0,338033.12,10316.92569,3160.96,303.07786,0.0,0.0,0.00018,0.0
CICIDS2017,multiclass,SOLO,dirichlet α=1.0,2,0.92838,0.02059,0.98131,0.01297,0.9814,0.01362,0.01424,0.02317,0.53939,0.04034,0.0,0.0,0.0,0.0,0.0,0.0,499715.7,21242.56579,7912.6,624.28143,0.0,0.0,0.00019,1e-05
CICIDS2017,multiclass,SOLO,dirichlet α=1.0,5,0.8175,0.01913,0.96239,0.016,0.96495,0.01367,0.01889,0.01298,0.32637,0.00876,0.0,0.0,0.0,0.0,0.0,0.0,403045.16,6659.9108,5071.28,195.83328,0.0,0.0,0.00018,0.0
CICIDS2017,multiclass,SOLO,dirichlet α=1.0,10,0.71802,0.02792,0.92606,0.02829,0.93012,0.02893,0.05374,0.04444,0.24561,0.01872,0.0,0.0,0.0,0.0,0.0,0.0,355083.92,6504.24531,3661.88,191.0372,0.0,0.0,0.00019,1e-05
CICIDS2017,multiclass,SOLO,iid,2,0.95811,0.00782,0.99344,0.00034,0.99353,0.00031,0.00258,0.0002,0.59821,0.04951,0.0,0.0,0.0,0.0,0.0,0.0,535010.4,3858.68634,8949.8,113.36754,0.0,0.0,0.00021,2e-05
CICIDS2017,multiclass,SOLO,iid,5,0.88337,0.01251,0.98763,0.00016,0.9881,0.00018,0.00422,0.00034,0.39981,0.03145,0.0,0.0,0.0,0.0,0.0,0.0,440103.04,1974.42394,6160.08,58.09055,0.0,0.0,0.0002,1e-05
CICIDS2017,multiclass,SOLO,iid,10,0.80608,0.0118,0.9805,0.00057,0.9816,0.00057,0.00574,0.00028,0.28051,0.00703,0.0,0.0,0.0,0.0,0.0,0.0,382902.68,743.63046,4479.12,21.83328,0.0,0.0,0.00019,1e-05
CICIDS2017,multiclass,SimFL,dirichlet α=0.1,2,0.9092,0.05704,0.98131,0.00892,0.98175,0.00916,0.00911,0.00642,3.17113,0.24958,1.89661,0.20897,10707601.0,2612108.93772,52.0,0.0,717110.0,38434.53874,14303.6,1130.43036,0.0,0.0,0.00021,1e-05
CICIDS2017,multiclass,SimFL,dirichlet α=0.1,5,0.82767,0.04334,0.9543,0.01073,0.95549,0.01028,0.02326,0.00645,4.12299,0.62953,3.16486,0.23979,26560728.0,2997363.95952,52.0,0.0,747052.0,85707.15295,15184.0,2520.2984,0.0,0.0,0.00021,2e-05
CICIDS2017,multiclass,SimFL,dirichlet α=0.1,10,0.74797,0.04748,0.94317,0.02141,0.9456,0.01998,0.02628,0.00625,6.60159,0.48981,5.48849,0.21855,55606103.4,2731887.54174,52.0,0.0,813070.8,88187.22515,17125.2,2592.77404,0.0,0.0,0.00022,1e-05
CICIDS2017,multiclass,SimFL,dirichlet α=0.5,2,0.93328,0.04543,0.99137,0.00195,0.99157,0.00178,0.00291,0.00084,3.39873,0.33924,2.26348,0.2437,15293486.8,3046192.2233,52.0,0.0,668667.8,14504.70891,12879.2,426.29004,0.0,0.0,0.00021,1e-05
CICIDS2017,multiclass,SimFL,dirichlet α=0.5,5,0.88926,0.05231,0.98122,0.00823,0.98172,0.00805,0.0084,0.00709,5.13529,0.31994,3.91758,0.20358,35969808.0,2544787.20315,52.0,0.0,689443.0,23324.45687,13490.0,685.97668,0.0,0.0,0.0002,1e-05
CICIDS2017,multiclass,SimFL,dirichlet α=0.5,10,0.84644,0.04939,0.96929,0.00473,0.96996,0.00464,0.01536,0.00388,7.47505,0.40873,6.09213,0.15951,63151579.6,1993836.40965,52.0,0.0,707081.4,44092.51297,14008.4,1296.53184,0.0,0.0,0.0002,0.0
CICIDS2017,multiclass,SimFL,dirichlet α=1.0,2,0.97158,0.01088,0.99295,0.00085,0.99299,0.00083,0.00274,0.0007,3.6137,0.56219,2.27576,0.24256,15447033.0,3032060.12657,52.0,0.0,648262.0,13493.62372,12279.2,396.80877,0.0,0.0,0.0002,1e-05
CICIDS2017,multiclass,SimFL,dirichlet α=1.0,5,0.91706,0.01589,0.98558,0.00418,0.98593,0.00415,0.00461,0.00147,5.62412,0.18376,4.18408,0.10449,39301056.8,1306137.66371,52.0,0.0,676480.2,10495.26266,13108.8,308.52747,0.0,0.0,0.00021,1e-05
CICIDS2017,multiclass,SimFL,dirichlet α=1.0,10,0.86867,0.0284,0.97449,0.00304,0.97504,0.00304,0.01191,0.00266,7.70489,0.39098,6.29803,0.1279,65725340.2,1598692.86351,52.0,0.0,682262.0,22851.61425,13278.8,672.02024,0.0,0.0,0.00021,1e-05
CICIDS2017,multiclass,SimFL,iid,2,0.97472,0.00616,0.99374,0.00074,0.99377,0.00073,0.00269,0.00023,3.68693,0.22136,2.91926,0.00631,23490691.6,78822.72403,52.0,0.0,652352.6,14447.79303,12399.6,424.64903,0.0,0.0,0.00021,1e-05
CICIDS2017,multiclass,SimFL,iid,5,0.95208,0.01037,0.9901,0.00083,0.99019,0.00081,0.00401,0.00063,6.14487,0.38603,4.8227,0.00562,47283753.6,70305.49854,52.0,0.0,667689.4,3226.40439,12850.4,94.93577,0.0,0.0,0.0002,1e-05
CICIDS2017,multiclass,SimFL,iid,10,0.90534,0.01467,0.97777,0.00118,0.9781,0.00126,0.00966,0.0024,7.32581,0.27034,6.79571,0.00812,71946437.4,101451.42142,52.0,0.0,668709.6,10153.75858,12880.4,298.54782,0.0,0.0,0.00021,2e-05
IoT,binary,ALL-IN,pooled,1,0.99299,0.0,0.99832,0.0,0.99832,0.0,0.02109,0.0,0.29769,0.05467,0.0,0.0,0.0,0.0,0.0,0.0,156597.0,0.0,3614.0,0.0,0.0,0.0,0.00015,0.0
IoT,binary,SOLO,dirichlet α=0.1,2,0.68599,0.06206,0.9258,0.02382,0.92947,0.03856,0.41613,0.21078,0.14522,0.01799,0.0,0.0,0.0,0.0,0.0,0.0,88352.2,3083.37302,1607.4,90.83116,0.0,0.0,0.00014,0.0
IoT,binary,SOLO,dirichlet α=0.1,5,0.65086,0.04698,0.86702,0.07609,0.86568,0.08666,0.42119,0.18914,0.06221,0.00618,0.0,0.0,0.0,0.0,0.0,0.0,55170.92,5331.65121,631.76,156.70369,0.0,0.0,0.00014,1e-05
IoT,binary,SOLO,dirichlet α=0.1,10,0.6052,0.06642,0.89621,0.03676,0.89993,0.04401,0.59978,0.04588,0.0375,0.00338,0.0,0.0,0.0,0.0,0.0,0.0,47043.94,1394.75256,392.96,40.95666,0.0,0.0,0.00014,0.0
IoT,binary,SOLO,dirichlet α=0.5,2,0.93046,0.05811,0.97964,0.01869,0.97641,0.02289,0.0495,0.02747,0.1545,0.02133,0.0,0.0,0.0,0.0,0.0,0.0,97875.9,10560.61137,1887.0,310.46981,0.0,0.0,0.00014,1e-05
IoT,binary,SOLO,dirichlet α=0.5,5,0.91206,0.02877,0.97283,0.01017,0.96769,0.0132,0.06288,0.01085,0.08777,0.01,0.0,0.0,0.0,0.0,0.0,0.0,73268.04,5624.90871,1163.36,165.35818,0.0,0.0,0.00014,0.0
IoT,binary,SOLO,dirichlet α=0.5,10,0.91797,0.02593,0.97953,0.0069,0.97933,0.00912,0.1494,0.06875,0.05621,0.00473,0.0,0.0,0.0,0.0,0.0,0.0,61657.68,1682.52234,822.12,49.35395,0.0,0.0,0.00014,0.0
IoT,binary,SOLO,dirichlet α=1.0,2,0.99022,0.00339,0.99765,0.00082,0.99766,0.00083,0.02692,0.00795,0.18881,0.04628,0.0,0.0,0.0,0.0,0.0,0.0,109785.8,5840.20643,2237.2,171.77078,0.0,0.0,0.00014,1e-05
IoT,binary,SOLO,dirichlet α=1.0,5,0.96661,0.02068,0.99097,0.00667,0.99008,0.00817,0.04511,0.00678,0.09391,0.00674,0.0,0.0,0.0,0.0,0.0,0.0,79341.72,1594.52301,1341.84,46.87823,0.0,0.0,0.00014,0.0
IoT,binary,SOLO,dirichlet α=1.0,10,0.96846,0.0064,0.99246,0.0016,0.99253,0.00171,0.07226,0.01839,0.06273,0.002,0.0,0.0,0.0,0.0,0.0,0.0,65823.74,1319.65187,944.4,38.80541,0.0,0.0,0.00014,0.0
IoT,binary,SOLO,iid,2,0.9925,0.00032,0.9982,8e-05,0.99821,8e-05,0.02506,0.00121,0.16768,0.00481,0.0,0.0,0.0,0.0,0.0,0.0,113519.0,2276.73099,2347.0,66.96268,0.0,0.0,0.00014,0.0
IoT,binary,SOLO,iid,5,0.99033,0.00096,0.99768,0.00023,0.9977,0.00023,0.03032,0.00206,0.10302,0.00546,0.0,0.0,0.0,0.0,0.0,0.0,86918.68,264.47596,1564.64,7.77997,0.0,0.0,0.00014,0.0
IoT,binary,SOLO,iid,10,0.98515,0.00101,0.99645,0.00024,0.99648,0.00024,0.04402,0.0029,0.0729,0.00244,0.0,0.0,0.0,0.0,0.0,0.0,70852.56,332.10966,1092.12,9.76791,0.0,0.0,0.00014,0.0
IoT,binary,SimFL,dirichlet α=0.1,2,0.98854,0.00345,0.99725,0.00083,0.99727,0.00082,0.03226,0.00928,4.26651,1.77141,1.93084,0.11678,11135559.8,1459760.53095,52.0,0.0,211924.8,35210.85393,5240.4,1035.13709,0.0,0.0,0.00015,1e-05
IoT,binary,SimFL,dirichlet α=0.1,5,0.95154,0.04234,0.98852,0.00993,0.98872,0.00965,0.11241,0.09159,8.05324,0.35856,4.26757,0.11191,40344633.6,1398937.4345,52.0,0.0,244231.8,37710.06983,6190.4,1108.82857,0.0,0.0,0.00015,1e-05
IoT,binary,SimFL,dirichlet α=0.1,10,0.95667,0.02969,0.98991,0.00678,0.99027,0.00641,0.12928,0.08481,11.53228,0.76945,7.73857,0.15582,83732110.0,1947747.94518,52.0,0.0,203663.8,25662.44746,4997.6,754.41288,0.0,0.0,0.00015,0.0
IoT,binary,SimFL,dirichlet α=0.5,2,0.99171,0.0021,0.99801,0.0005,0.99802,0.0005,0.02457,0.00415,4.3053,0.87625,2.03883,0.16087,12485329.8,2010825.48971,52.0,0.0,165330.8,6864.35767,3870.8,201.81972,0.0,0.0,0.00015,1e-05
IoT,binary,SimFL,dirichlet α=0.5,5,0.98436,0.0038,0.99626,0.00091,0.99629,0.00091,0.0469,0.00801,8.62114,0.57064,4.4664,0.19427,42830036.8,2428333.87923,52.0,0.0,179619.0,15323.02796,4290.8,450.4722,0.0,0.0,0.00014,0.0
IoT,binary,SimFL,dirichlet α=0.5,10,0.98077,0.0032,0.99542,0.00076,0.99548,0.00074,0.06104,0.0082,14.11495,0.52081,8.00413,0.07252,87051664.4,906510.92784,52.0,0.0,172556.6,10023.65673,4083.2,294.60686,0.0,0.0,0.00015,0.0
IoT,binary,SimFL,dirichlet α=1.0,2,0.99196,0.00104,0.99807,0.00025,0.99808,0.00025,0.02556,0.00388,5.35904,0.80861,2.1361,0.15602,13701263.8,1950241.98562,52.0,0.0,156027.2,8822.13365,3597.2,259.42475,0.0,0.0,0.00015,0.0
IoT,binary,SimFL,dirichlet α=1.0,5,0.98706,0.00313,0.9969,0.00075,0.99692,0.00075,0.03623,0.00767,9.66465,0.61068,4.56364,0.08018,44045561.6,1002308.16736,52.0,0.0,170379.0,9640.69663,4019.2,283.53695,0.0,0.0,0.00014,0.0
IoT,binary,SimFL,dirichlet α=1.0,10,0.9831,0.00187,0.99597,0.00044,0.99602,0.00043,0.05533,0.00654,15.33725,1.11234,8.13173,0.07658,88646661.0,957252.63228,52.0,0.0,178190.8,12968.26111,4248.8,381.24166,0.0,0.0,0.00015,0.0
IoT,binary,SimFL,iid,2,0.99209,0.00085,0.9981,0.0002,0.99811,0.0002,0.0263,0.00269,5.51848,0.37756,2.44577,0.002,17572100.8,25050.49696,52.0,0.0,144969.8,6262.74921,3272.0,184.16297,0.0,0.0,0.00015,0.0
IoT,binary,SimFL,iid,5,0.98729,0.00117,0.99697,0.00028,0.997,0.00027,0.04342,0.00526,9.59191,1.10891,4.89511,0.00273,48188825.6,34157.39985,52.0,0.0,168297.0,6061.33772,3958.0,178.12917,0.0,0.0,0.00015,1e-05
IoT,binary,SimFL,iid,10,0.98288,0.00308,0.99592,0.00073,0.99597,0.00071,0.05633,0.00923,16.6171,0.61764,8.40352,0.00502,92043978.0,62747.88726,52.0,0.0,175491.8,5770.34429,4169.6,169.66084,0.0,0.0,0.00015,0.0
IoT,multiclass,ALL-IN,pooled,1,0.96206,0.0,0.97887,0.0,0.97923,0.0,0.01861,0.0,1.18822,0.33047,0.0,0.0,0.0,0.0,0.0,0.0,798657.0,0.0,18632.0,0.0,0.0,0.0,0.00019,1e-05
IoT,multiclass,SOLO,dirichlet α=0.1,2,0.56678,0.02022,0.67646,0.13947,0.73246,0.13371,0.41501,0.21293,0.53845,0.02834,0.0,0.0,0.0,0.0,0.0,0.0,467997.6,41089.61102,8911.8,1207.90716,0.0,0.0,0.00017,1e-05
IoT,multiclass,SOLO,dirichlet α=0.1,5,0.42337,0.05128,0.55667,0.10688,0.62607,0.10412,0.41906,0.18913,0.23519,0.01707,0.0,0.0,0.0,0.0,0.0,0.0,287391.96,22498.99657,3602.0,661.50634,0.0,0.0,0.00017,0.0
IoT,multiclass,SOLO,dirichlet α=0.1,10,0.38498,0.06632,0.49404,0.07216,0.56179,0.06705,0.56653,0.06719,0.15852,0.02022,0.0,0.0,0.0,0.0,0.0,0.0,243058.66,16716.02308,2298.92,491.32323,0.0,0.0,0.00016,0.0
IoT,multiclass,SOLO,dirichlet α=0.5,2,0.82799,0.11547,0.8545,0.15506,0.87153,0.12633,0.04107,0.02423,0.60902,0.04952,0.0,0.0,0.0,0.0,0.0,0.0,527297.0,36675.10766,10654.2,1078.48514,0.0,0.0,0.00018,2e-05
IoT,multiclass,SOLO,dirichlet α=0.5,5,0.81371,0.06002,0.89004,0.02199,0.89794,0.02014,0.06323,0.03745,0.37118,0.02417,0.0,0.0,0.0,0.0,0.0,0.0,391332.56,20120.50448,6656.64,591.37085,0.0,0.0,0.00018,1e-05
IoT,multiclass,SOLO,dirichlet α=0.5,10,0.80909,0.03043,0.87433,0.02861,0.88667,0.03059,0.13566,0.06308,0.24909,0.01615,0.0,0.0,0.0,0.0,0.0,0.0,326122.36,12331.70628,4739.6,362.40113,0.0,0.0,0.00017,0.0
IoT,multiclass,SOLO,dirichlet α=1.0,2,0.94897,0.00359,0.97047,0.00272,0.97011,0.00339,0.02494,0.00807,0.72476,0.07699,0.0,0.0,0.0,0.0,0.0,0.0,618611.4,18700.3301,13339.0,549.70856,0.0,0.0,0.00018,1e-05
IoT,multiclass,SOLO,dirichlet α=1.0,5,0.89781,0.02204,0.93956,0.01465,0.94073,0.01637,0.03901,0.00714,0.39018,0.01799,0.0,0.0,0.0,0.0,0.0,0.0,428276.92,11306.05184,7742.56,332.47564,0.0,0.0,0.00018,1e-05
IoT,multiclass,SOLO,dirichlet α=1.0,10,0.89629,0.01929,0.93829,0.01627,0.93961,0.01738,0.05635,0.01345,0.27896,0.01372,0.0,0.0,0.0,0.0,0.0,0.0,352410.58,8805.20164,5512.0,258.86066,0.0,0.0,0.00017,0.0
IoT,multiclass,SOLO,iid,2,0.96221,0.00261,0.97853,0.00156,0.97885,0.00152,0.02221,0.00119,0.7002,0.01636,0.0,0.0,0.0,0.0,0.0,0.0,657441.1,6510.46388,14480.6,191.49883,0.0,0.0,0.00019,1e-05
IoT,multiclass,SOLO,iid,5,0.95248,0.00236,0.97302,0.00138,0.97351,0.00132,0.02541,0.00172,0.45534,0.0107,0.0,0.0,0.0,0.0,0.0,0.0,499629.68,2100.90955,9840.64,61.75215,0.0,0.0,0.00018,0.0
IoT,multiclass,SOLO,iid,10,0.94079,0.00111,0.96694,0.00061,0.96771,0.00061,0.036,0.00159,0.33023,0.00096,0.0,0.0,0.0,0.0,0.0,0.0,400157.22,1202.29067,6915.56,35.36987,0.0,0.0,0.00017,0.0
IoT,multiclass,SimFL,dirichlet α=0.1,2,0.9444,0.01478,0.96689,0.0104,0.96756,0.01027,0.02978,0.00657,4.66379,1.3695,2.57205,0.43436,19150621.6,5429449.73927,52.0,0.0,1104367.6,201089.64581,27622.0,5913.21351,0.0,0.0,0.00021,2e-05
IoT,multiclass,SimFL,dirichlet α=0.1,5,0.86332,0.05887,0.92778,0.02505,0.93508,0.01955,0.09777,0.08556,9.04741,0.56918,5.91812,0.3655,60976460.8,4568703.98328,52.0,0.0,1135920.2,184145.69,28549.6,5414.92186,0.0,0.0,0.00022,2e-05
IoT,multiclass,SimFL,dirichlet α=0.1,10,0.84845,0.03231,0.92098,0.01825,0.92808,0.01702,0.08586,0.04602,12.66586,0.94636,9.96514,0.58148,111564272.2,7268483.51534,52.0,0.0,994673.4,105299.20964,24396.0,3096.29068,0.0,0.0,0.0002,1e-05
IoT,multiclass,SimFL,dirichlet α=0.5,2,0.95075,0.01207,0.97089,0.00633,0.97159,0.00589,0.02754,0.00926,4.65428,0.38487,2.97422,0.59254,24177708.0,7406773.62417,52.0,0.0,909032.4,122768.61175,21878.4,3610.18238,0.0,0.0,0.00019,1e-05
IoT,multiclass,SimFL,dirichlet α=0.5,5,0.92628,0.01555,0.95945,0.00592,0.96155,0.00472,0.04591,0.0078,10.2065,0.86055,6.66914,0.70687,70364235.2,8835816.42215,52.0,0.0,916721.4,50534.01079,22104.4,1485.67116,0.0,0.0,0.0002,1e-05
IoT,multiclass,SimFL,dirichlet α=0.5,10,0.88384,0.04076,0.93568,0.01788,0.93995,0.01477,0.0536,0.0138,15.32725,0.66997,10.92228,0.28089,123528527.6,3511096.31564,52.0,0.0,848138.4,11768.103,20087.6,345.95202,0.0,0.0,0.0002,1e-05
IoT,multiclass,SimFL,dirichlet α=1.0,2,0.95932,0.00327,0.97673,0.0016,0.9772,0.00147,0.02308,0.00188,5.01964,0.67219,3.33046,0.56228,28630716.0,7028534.33358,52.0,0.0,835884.4,33975.19086,19727.2,999.14523,0.0,0.0,0.0002,2e-05
IoT,multiclass,SimFL,dirichlet α=1.0,5,0.93665,0.015,0.96429,0.00909,0.96571,0.00847,0.03846,0.00818,10.70036,1.45931,7.06599,0.27958,75324921.6,3494798.81038,52.0,0.0,858595.2,27945.40727,20395.2,821.70992,0.0,0.0,0.00021,4e-05
IoT,multiclass,SimFL,dirichlet α=1.0,10,0.91228,0.02432,0.9497,0.0124,0.95206,0.01105,0.05211,0.00614,16.11283,0.77911,11.40372,0.2701,129546536.8,3376288.27368,52.0,0.0,846235.6,25979.62479,20032.0,763.97513,0.0,0.0,0.0002,1e-05
IoT,multiclass,SimFL,iid,2,0.95916,0.00281,0.9768,0.00175,0.97726,0.00175,0.02308,0.00166,6.51219,1.16387,4.45841,0.00725,42730099.6,90623.86378,52.0,0.0,837693.6,9528.54169,19780.4,280.09427,0.0,0.0,0.0002,1e-05
IoT,multiclass,SimFL,iid,5,0.93667,0.00331,0.96308,0.00328,0.96425,0.00336,0.04218,0.00734,11.25216,0.4945,8.20645,0.00837,89580656.0,104589.77185,52.0,0.0,856413.2,18505.52391,20331.2,544.24737,0.0,0.0,0.0002,1e-05
IoT,multiclass,SimFL,iid,10,0.91221,0.00718,0.94425,0.00532,0.94538,0.00551,0.04963,0.00439,17.82067,0.77684,12.32431,0.01904,141053867.8,237957.41883,52.0,0.0,850933.8,24906.74671,20170.0,732.30458,0.0,0.0,0.00019,0.0
